{"chunk_definitions":[{"row":16,"row_count":1,"visible":true,"expansion_state":0,"options":{"engine":"r","label":"unnamed-chunk-577"},"document_id":"0690F56E","chunk_id":"c4jrj3gjze28e","chunk_label":"unnamed-chunk-1"},{"row":40,"row_count":1,"visible":true,"expansion_state":0,"options":{"engine":"r","label":"unnamed-chunk-578"},"document_id":"0690F56E","chunk_id":"cx6ue334mv8u7","chunk_label":"unnamed-chunk-2"},{"row":48,"row_count":1,"visible":true,"expansion_state":0,"options":{"engine":"r","label":"unnamed-chunk-579"},"document_id":"0690F56E","chunk_id":"cljp2t9m5yxfx","chunk_label":"unnamed-chunk-3"},{"row":63,"row_count":1,"visible":true,"expansion_state":0,"options":{"engine":"r","label":"unnamed-chunk-580"},"document_id":"0690F56E","chunk_id":"cfsu97gke58an","chunk_label":"unnamed-chunk-4"},{"row":86,"row_count":1,"visible":true,"expansion_state":0,"options":{"engine":"r","label":"unnamed-chunk-585"},"document_id":"0690F56E","chunk_id":"cwpumz8ocgoq5","chunk_label":"unnamed-chunk-5"},{"row":116,"row_count":1,"visible":true,"expansion_state":0,"options":{"engine":"r","label":"unnamed-chunk-586"},"document_id":"0690F56E","chunk_id":"c6v9xpmz10bji","chunk_label":"unnamed-chunk-6"},{"row":131,"row_count":1,"visible":true,"expansion_state":0,"options":{"engine":"r","label":"unnamed-chunk-589"},"document_id":"0690F56E","chunk_id":"czvhwstt7h20e","chunk_label":"unnamed-chunk-7"},{"row":148,"row_count":1,"visible":true,"expansion_state":0,"options":{"engine":"r","label":"unnamed-chunk-590"},"document_id":"2D8524CE","chunk_id":"cbi72jj96t8ab","chunk_label":"unnamed-chunk-8"},{"row":170,"row_count":1,"visible":true,"expansion_state":0,"options":{"engine":"r","label":"unnamed-chunk-568"},"document_id":"0690F56E","chunk_id":"ckzbe8913bb2q","chunk_label":"unnamed-chunk-9"},{"row":194,"row_count":1,"visible":true,"expansion_state":0,"options":{"engine":"r","label":"unnamed-chunk-569"},"document_id":"0690F56E","chunk_id":"cd254fsfeox1n","chunk_label":"unnamed-chunk-10"},{"row":207,"row_count":1,"visible":true,"expansion_state":0,"options":{"engine":"r","label":"unnamed-chunk-570"},"document_id":"0690F56E","chunk_id":"ceplciozz8eok","chunk_label":"unnamed-chunk-11"}],"doc_write_time":1651770024,"chunk_rendered_width":539}