{"chunk_definitions":[{"row":16,"row_count":1,"visible":true,"expansion_state":0,"options":{"engine":"r","label":"unnamed-chunk-108"},"document_id":"0690F56E","chunk_id":"c4jrj3gjze28e","chunk_label":"unnamed-chunk-1"},{"row":40,"row_count":1,"visible":true,"expansion_state":0,"options":{"engine":"r","label":"unnamed-chunk-109"},"document_id":"0690F56E","chunk_id":"cx6ue334mv8u7","chunk_label":"unnamed-chunk-2"},{"row":48,"row_count":1,"visible":true,"expansion_state":0,"options":{"engine":"r","label":"unnamed-chunk-110"},"document_id":"0690F56E","chunk_id":"cljp2t9m5yxfx","chunk_label":"unnamed-chunk-3"},{"row":62,"row_count":1,"visible":true,"expansion_state":0,"options":{"engine":"r","label":"unnamed-chunk-111"},"document_id":"0690F56E","chunk_id":"cfsu97gke58an","chunk_label":"unnamed-chunk-4"},{"row":82,"row_count":1,"visible":true,"expansion_state":0,"options":{"engine":"r","label":"unnamed-chunk-112"},"document_id":"0690F56E","chunk_id":"cwpumz8ocgoq5","chunk_label":"unnamed-chunk-5"},{"row":112,"row_count":1,"visible":true,"expansion_state":0,"options":{"engine":"r","label":"unnamed-chunk-113"},"document_id":"0690F56E","chunk_id":"c6v9xpmz10bji","chunk_label":"unnamed-chunk-6"},{"row":127,"row_count":1,"visible":true,"expansion_state":0,"options":{"engine":"r","label":"unnamed-chunk-114"},"document_id":"0690F56E","chunk_id":"czvhwstt7h20e","chunk_label":"unnamed-chunk-7"},{"row":144,"row_count":1,"visible":true,"expansion_state":0,"options":{"engine":"r","label":"unnamed-chunk-115"},"document_id":"2D8524CE","chunk_id":"cbi72jj96t8ab","chunk_label":"unnamed-chunk-8"},{"row":169,"row_count":1,"visible":true,"expansion_state":0,"options":{"engine":"r","label":"unnamed-chunk-116"},"document_id":"0690F56E","chunk_id":"ckzbe8913bb2q","chunk_label":"unnamed-chunk-9"},{"row":197,"row_count":1,"visible":true,"expansion_state":0,"options":{"engine":"r","label":"unnamed-chunk-117"},"document_id":"0690F56E","chunk_id":"cd254fsfeox1n","chunk_label":"unnamed-chunk-10"},{"row":211,"row_count":1,"visible":true,"expansion_state":0,"options":{"engine":"r","label":"unnamed-chunk-120"},"document_id":"0690F56E","chunk_id":"ceplciozz8eok","chunk_label":"unnamed-chunk-11"}],"doc_write_time":1651775856,"chunk_rendered_width":686}